{
  "TimerIntervalInMilliseconds": 10000.0,
  "MaxPoeTradePages": 1,
  "ContainedOrdersIds": [
    "forbyj_harvest_SpectCall of the Brotherhood Two-Stone RingHarvest~b/o 10 chaos010",
    "FarmerZaraCall of the Brotherhood Two-Stone RingHarvest230",
    "qtbh_vdspThe Red Dream Crimson JewelHarvestT114",
    "FLUFFYLOLThe Red Dream Crimson JewelHarvestGILD56",
    "NotAnIceShotThe Red Dream Crimson JewelHarvest~price 10 chaos1110",
    "WinterAssholeThe Red Dream Crimson JewelHarvest152",
    "FLUFFYLOLThe Blue Dream Cobalt JewelHarvestGILD75",
    "ScuffedFossilServiceThe Blue Dream Cobalt JewelHarvestTouchPP64",
    "ApelsinkaRaidThe Blue Dream Cobalt JewelHarvest71610",
    "C_hampio_NThe Blue Dream Cobalt JewelHarvestT32",
    "InI_BeardCall of the Brotherhood Two-Stone RingHarvest~price 15 chaos11",
    "휴지끈Call of the Brotherhood Two-Stone RingHarvest거래23",
    "Witch_are_youThe Red Dream Crimson JewelHarvest~price 10 chaos114",
    "KolohoushenkaThe Blue Dream Cobalt JewelHarvest~price 10 chaos710",
    "SoulRendBestFrendThe Red Dream Crimson JewelHarvest$ell78"
  ],
  "IgnoredOrdersIds": [],
  "BuyOrdersContainers": [],
  "SellOrdersContainers": [],
  "ImgUrl2ImgPath": {
    "https://web.poecdn.com/image/Art/2DItems/Rings/Brotherhood.png?v=44b290c7efc3e11a84e591e6830d0dcb&amp;w=1&amp;h=1&amp;scale=1": "D:\\C# Strong\\PoeTrader\\PoeTrade.WPF\\bin\\Debug\\Data\\Images\\e3b75ec9-36d9-4bbd-b3cf-4208c381270b.jpg",
    "https://web.poecdn.com/image/Art/2DItems/Jewels/TheRedDream.png?v=b6d8774895a97634afd8c97838502c98&amp;w=1&amp;h=1&amp;scale=1": "D:\\C# Strong\\PoeTrader\\PoeTrade.WPF\\bin\\Debug\\Data\\Images\\4a413c08-bdf1-4691-ad99-8aaa2019afa0.jpg",
    "https://web.poecdn.com/image/Art/2DItems/Jewels/TheBlueDream.png?v=13f136cbcf1777714244022adc8d349d&amp;w=1&amp;h=1&amp;scale=1": "D:\\C# Strong\\PoeTrader\\PoeTrade.WPF\\bin\\Debug\\Data\\Images\\768f9f0c-15d7-4ed6-956b-9e5c1b55486a.jpg"
  }
}