{
  "TimerIntervalInMilliseconds": 10000.0,
  "MaxPoeTradePages": 1,
  "ContainedOrdersIds": [
    "forbyj_harvest_SpectCall of the Brotherhood Two-Stone RingHarvest~b/o 10 chaos010",
    "FarmerZaraCall of the Brotherhood Two-Stone RingHarvest230",
    "qtbh_vdspThe Red Dream Crimson JewelHarvestT114",
    "FLUFFYLOLThe Red Dream Crimson JewelHarvestGILD56",
    "NotAnIceShotThe Red Dream Crimson JewelHarvest~price 10 chaos1110",
    "WinterAssholeThe Red Dream Crimson JewelHarvest152",
    "FLUFFYLOLThe Blue Dream Cobalt JewelHarvestGILD75",
    "ScuffedFossilServiceThe Blue Dream Cobalt JewelHarvestTouchPP64",
    "ApelsinkaRaidThe Blue Dream Cobalt JewelHarvest71610",
    "C_hampio_NThe Blue Dream Cobalt JewelHarvestT32"
  ],
  "IgnoredOrdersIds": [],
  "BuyOrdersContainers": [
    {
      "Order": {
        "PageUrl": "https://poe.trade/search/uwoumarirukoho",
        "MaxChaosPrice": 19.0,
        "MaxExaltedPrice": 0.0
      },
      "AddedToAppTime": "2020-08-12T13:08:33.8848031+03:00",
      "ImageUrl": "https://web.poecdn.com/image/Art/2DItems/Rings/Brotherhood.png?v=44b290c7efc3e11a84e591e6830d0dcb&amp;w=1&amp;h=1&amp;scale=1",
      "ItemName": "Call of the Brotherhood Two-Stone Ring"
    },
    {
      "Order": {
        "PageUrl": "https://poe.trade/search/omiimanazimari",
        "MaxChaosPrice": 10.0,
        "MaxExaltedPrice": 0.0
      },
      "AddedToAppTime": "2020-08-12T13:09:37.9850329+03:00",
      "ImageUrl": "https://web.poecdn.com/image/Art/2DItems/Jewels/TheRedDream.png?v=b6d8774895a97634afd8c97838502c98&amp;w=1&amp;h=1&amp;scale=1",
      "ItemName": "The Red Dream Crimson Jewel"
    },
    {
      "Order": {
        "PageUrl": "https://poe.trade/search/ahauseritesiko",
        "MaxChaosPrice": 10.0,
        "MaxExaltedPrice": 0.0
      },
      "AddedToAppTime": "2020-08-12T13:09:57.6642641+03:00",
      "ImageUrl": "https://web.poecdn.com/image/Art/2DItems/Jewels/TheBlueDream.png?v=13f136cbcf1777714244022adc8d349d&amp;w=1&amp;h=1&amp;scale=1",
      "ItemName": "The Blue Dream Cobalt Jewel"
    }
  ],
  "SellOrdersContainers": [
    {
      "Order": {
        "PageUrl": "https://poe.trade/search/uwoumarirukoho",
        "SellerUsername": "forbyj_harvest_Spect",
        "ItemName": "Call of the Brotherhood Two-Stone Ring",
        "ChaosPrice": 15.0,
        "ExaltedPrice": null,
        "League": "Harvest",
        "TabName": "~b/o 10 chaos",
        "TabX": 0,
        "TabY": 10,
        "PriceText": "15 chaos",
        "ItemImageUrl": "https://web.poecdn.com/image/Art/2DItems/Rings/Brotherhood.png?v=44b290c7efc3e11a84e591e6830d0dcb&amp;w=1&amp;h=1&amp;scale=1",
        "OrderId": "forbyj_harvest_SpectCall of the Brotherhood Two-Stone RingHarvest~b/o 10 chaos010"
      },
      "AddedToAppTime": "2020-08-12T13:08:36.9730697+03:00"
    },
    {
      "Order": {
        "PageUrl": "https://poe.trade/search/uwoumarirukoho",
        "SellerUsername": "FarmerZara",
        "ItemName": "Call of the Brotherhood Two-Stone Ring",
        "ChaosPrice": 19.0,
        "ExaltedPrice": null,
        "League": "Harvest",
        "TabName": "2",
        "TabX": 3,
        "TabY": 0,
        "PriceText": "19 chaos",
        "ItemImageUrl": "https://web.poecdn.com/image/Art/2DItems/Rings/Brotherhood.png?v=44b290c7efc3e11a84e591e6830d0dcb&amp;w=1&amp;h=1&amp;scale=1",
        "OrderId": "FarmerZaraCall of the Brotherhood Two-Stone RingHarvest230"
      },
      "AddedToAppTime": "2020-08-12T13:08:37.1128806+03:00"
    },
    {
      "Order": {
        "PageUrl": "https://poe.trade/search/omiimanazimari",
        "SellerUsername": "qtbh_vdsp",
        "ItemName": "The Red Dream Crimson Jewel",
        "ChaosPrice": 5.0,
        "ExaltedPrice": null,
        "League": "Harvest",
        "TabName": "T",
        "TabX": 11,
        "TabY": 4,
        "PriceText": "5 chaos",
        "ItemImageUrl": "https://web.poecdn.com/image/Art/2DItems/Jewels/TheRedDream.png?v=b6d8774895a97634afd8c97838502c98&amp;w=1&amp;h=1&amp;scale=1",
        "OrderId": "qtbh_vdspThe Red Dream Crimson JewelHarvestT114"
      },
      "AddedToAppTime": "2020-08-12T13:09:41.0917902+03:00"
    },
    {
      "Order": {
        "PageUrl": "https://poe.trade/search/omiimanazimari",
        "SellerUsername": "FLUFFYLOL",
        "ItemName": "The Red Dream Crimson Jewel",
        "ChaosPrice": 10.0,
        "ExaltedPrice": null,
        "League": "Harvest",
        "TabName": "GILD",
        "TabX": 5,
        "TabY": 6,
        "PriceText": "10 chaos",
        "ItemImageUrl": "https://web.poecdn.com/image/Art/2DItems/Jewels/TheRedDream.png?v=b6d8774895a97634afd8c97838502c98&amp;w=1&amp;h=1&amp;scale=1",
        "OrderId": "FLUFFYLOLThe Red Dream Crimson JewelHarvestGILD56"
      },
      "AddedToAppTime": "2020-08-12T13:09:41.2404406+03:00"
    },
    {
      "Order": {
        "PageUrl": "https://poe.trade/search/omiimanazimari",
        "SellerUsername": "NotAnIceShot",
        "ItemName": "The Red Dream Crimson Jewel",
        "ChaosPrice": 10.0,
        "ExaltedPrice": null,
        "League": "Harvest",
        "TabName": "~price 10 chaos",
        "TabX": 11,
        "TabY": 10,
        "PriceText": "10 chaos",
        "ItemImageUrl": "https://web.poecdn.com/image/Art/2DItems/Jewels/TheRedDream.png?v=b6d8774895a97634afd8c97838502c98&amp;w=1&amp;h=1&amp;scale=1",
        "OrderId": "NotAnIceShotThe Red Dream Crimson JewelHarvest~price 10 chaos1110"
      },
      "AddedToAppTime": "2020-08-12T13:09:41.3403138+03:00"
    },
    {
      "Order": {
        "PageUrl": "https://poe.trade/search/omiimanazimari",
        "SellerUsername": "WinterAsshole",
        "ItemName": "The Red Dream Crimson Jewel",
        "ChaosPrice": 10.0,
        "ExaltedPrice": null,
        "League": "Harvest",
        "TabName": "1",
        "TabX": 5,
        "TabY": 2,
        "PriceText": "10 chaos",
        "ItemImageUrl": "https://web.poecdn.com/image/Art/2DItems/Jewels/TheRedDream.png?v=b6d8774895a97634afd8c97838502c98&amp;w=1&amp;h=1&amp;scale=1",
        "OrderId": "WinterAssholeThe Red Dream Crimson JewelHarvest152"
      },
      "AddedToAppTime": "2020-08-12T13:09:41.4430628+03:00"
    },
    {
      "Order": {
        "PageUrl": "https://poe.trade/search/ahauseritesiko",
        "SellerUsername": "FLUFFYLOL",
        "ItemName": "The Blue Dream Cobalt Jewel",
        "ChaosPrice": 10.0,
        "ExaltedPrice": null,
        "League": "Harvest",
        "TabName": "GILD",
        "TabX": 7,
        "TabY": 5,
        "PriceText": "10 chaos",
        "ItemImageUrl": "https://web.poecdn.com/image/Art/2DItems/Jewels/TheBlueDream.png?v=13f136cbcf1777714244022adc8d349d&amp;w=1&amp;h=1&amp;scale=1",
        "OrderId": "FLUFFYLOLThe Blue Dream Cobalt JewelHarvestGILD75"
      },
      "AddedToAppTime": "2020-08-12T13:10:00.9067132+03:00"
    },
    {
      "Order": {
        "PageUrl": "https://poe.trade/search/ahauseritesiko",
        "SellerUsername": "ScuffedFossilService",
        "ItemName": "The Blue Dream Cobalt Jewel",
        "ChaosPrice": 10.0,
        "ExaltedPrice": null,
        "League": "Harvest",
        "TabName": "TouchPP",
        "TabX": 6,
        "TabY": 4,
        "PriceText": "10 chaos",
        "ItemImageUrl": "https://web.poecdn.com/image/Art/2DItems/Jewels/TheBlueDream.png?v=13f136cbcf1777714244022adc8d349d&amp;w=1&amp;h=1&amp;scale=1",
        "OrderId": "ScuffedFossilServiceThe Blue Dream Cobalt JewelHarvestTouchPP64"
      },
      "AddedToAppTime": "2020-08-12T13:10:01.0107742+03:00"
    },
    {
      "Order": {
        "PageUrl": "https://poe.trade/search/ahauseritesiko",
        "SellerUsername": "ApelsinkaRaid",
        "ItemName": "The Blue Dream Cobalt Jewel",
        "ChaosPrice": 10.0,
        "ExaltedPrice": null,
        "League": "Harvest",
        "TabName": "7",
        "TabX": 16,
        "TabY": 10,
        "PriceText": "10 chaos",
        "ItemImageUrl": "https://web.poecdn.com/image/Art/2DItems/Jewels/TheBlueDream.png?v=13f136cbcf1777714244022adc8d349d&amp;w=1&amp;h=1&amp;scale=1",
        "OrderId": "ApelsinkaRaidThe Blue Dream Cobalt JewelHarvest71610"
      },
      "AddedToAppTime": "2020-08-12T13:10:01.1185463+03:00"
    },
    {
      "Order": {
        "PageUrl": "https://poe.trade/search/ahauseritesiko",
        "SellerUsername": "C_hampio_N",
        "ItemName": "The Blue Dream Cobalt Jewel",
        "ChaosPrice": 10.0,
        "ExaltedPrice": null,
        "League": "Harvest",
        "TabName": "T",
        "TabX": 3,
        "TabY": 2,
        "PriceText": "10 chaos",
        "ItemImageUrl": "https://web.poecdn.com/image/Art/2DItems/Jewels/TheBlueDream.png?v=13f136cbcf1777714244022adc8d349d&amp;w=1&amp;h=1&amp;scale=1",
        "OrderId": "C_hampio_NThe Blue Dream Cobalt JewelHarvestT32"
      },
      "AddedToAppTime": "2020-08-12T13:10:01.2191406+03:00"
    }
  ],
  "ImgUrl2ImgPath": {
    "https://web.poecdn.com/image/Art/2DItems/Rings/Brotherhood.png?v=44b290c7efc3e11a84e591e6830d0dcb&amp;w=1&amp;h=1&amp;scale=1": "D:\\C# Strong\\PoeTrader\\PoeTrade.WPF\\bin\\Debug\\Data\\Images\\e3b75ec9-36d9-4bbd-b3cf-4208c381270b.jpg",
    "https://web.poecdn.com/image/Art/2DItems/Jewels/TheRedDream.png?v=b6d8774895a97634afd8c97838502c98&amp;w=1&amp;h=1&amp;scale=1": "D:\\C# Strong\\PoeTrader\\PoeTrade.WPF\\bin\\Debug\\Data\\Images\\4a413c08-bdf1-4691-ad99-8aaa2019afa0.jpg",
    "https://web.poecdn.com/image/Art/2DItems/Jewels/TheBlueDream.png?v=13f136cbcf1777714244022adc8d349d&amp;w=1&amp;h=1&amp;scale=1": "D:\\C# Strong\\PoeTrader\\PoeTrade.WPF\\bin\\Debug\\Data\\Images\\768f9f0c-15d7-4ed6-956b-9e5c1b55486a.jpg"
  }
}