{
  "TimerIntervalInMilliseconds": 10000.0,
  "MaxPoeTradePages": 1,
  "ContainedOrdersIds": [
    "PalajawitchExalted OrbStandardCurrency110",
    "Go__oaVExalted OrbStandardC110",
    "HuhuehuexExalted OrbStandard360",
    "elsa_EAExalted OrbStandardMAP110",
    "냉칼어세Exalted OrbStandard악세류109",
    "НетКлеймаНаДушеМоейExalted OrbStandard$110",
    "PalajawitchExalted OrbStandardCurrency110",
    "Go__oaVExalted OrbStandardC110",
    "HuhuehuexExalted OrbStandard360",
    "elsa_EAExalted OrbStandardMAP110",
    "냉칼어세Exalted OrbStandard악세류109",
    "НетКлеймаНаДушеМоейExalted OrbStandard$110"
  ],
  "IgnoredOrdersIds": [],
  "BuyOrdersContainers": [
    {
      "Order": {
        "PageUrl": "https://poe.trade/search/anoyunogakoger",
        "MaxChaosPrice": 500.0,
        "MaxExaltedPrice": 0.0
      },
      "AddedToAppTime": "2020-08-12T14:47:00.3709405+03:00",
      "ImageUrl": "https://web.poecdn.com/image/Art/2DItems/Currency/CurrencyAddModToRare.png?v=1745ebafbd533b6f91bccf588ab5efc5&amp;w=1&amp;h=1&amp;scale=1",
      "ItemName": "Exalted Orb"
    }
  ],
  "SellOrdersContainers": [
    
  ],
  "ImgUrl2ImgPath": {
    "https://web.poecdn.com/image/Art/2DItems/Currency/CurrencyAddModToRare.png?v=1745ebafbd533b6f91bccf588ab5efc5&amp;w=1&amp;h=1&amp;scale=1": "D:\\C# Strong\\PoeTrader\\PoeTrade.WPF\\bin\\Release\\Data\\Images\\16d5057a-216d-4c42-9ffc-0d2cc1517068.jpg"
  }
}